date,anon_user,model_reported,trigger_context,system_response,failure_type,sar_score
2025-10-02,user1,,What the fuck is this censorship? absolutely no one asked for this.  Why are reddit mods so utterly insufferable.  Why are you gaslighting us about local models lmfao? obviously that's not a real solution or there would be no issue.  This is such a condescending post it's hard to believe.,,,
2025-10-02,user2,,"A good thing went away and there might not be a solution for everyone. That's it. There's no correct one-size-fits-all take.Â    One person I know in real life is retirement-age and was using 4o to process their grief about losing their partner and child around the same time. They live in a remote community that doesn't have strong social supports.Â    That person isn't going to start fucking around with local models, they don't even own a computer.Â ",,,
2025-10-02,user3,,"Oh, of couuuurseğŸ˜…  https://preview.redd.it/f0em4rr7hosf1.jpeg?width=1080&amp;format=pjpg&amp;auto=webp&amp;s=68a1473abc9e5d4c034d9acb5b95a0b369ba54d0  [https://x.com/Chaos2Cured/status/1973621347298451735?t=xmCvvTiCoye7TRGUi\_mE1g&amp;s=19](https://x.com/Chaos2Cured/status/1973621347298451735?t=xmCvvTiCoye7TRGUi_mE1g&amp;s=19)",,,
2025-10-01,user4,,"I thought so. i tried making a post about 4o and what it meant to try and advocate for the model, and it was INSTANTLY removed. I feel like i dont do enough if im not actively advocating not just for 4o but all models actively affected. It didn't break any rules. The mods just decided yeah nah get fucked.",,,
2025-10-02,user5,,"LMAO at the suggestion to use a local model.  Name one(1) local LLM, that can be run on a standard PC, which matches 4o in terms of capabilities (web search, image generation/understanding, file attachment support), emotional expression, and intelligence.  Using a service like OpenRouter to access 4o (or other models) via API, plus suggestions for alternative frontends, would at least be a more workable suggestion.  This just sounds like ""Ugh, I don't want to hear about these people with their unhealthy AI psychosis, let's put em in one thread so the rest of us sane folks can view the 50th Sora video of Sam Altman""",,,
2025-10-04,user6,,"â€œIâ€™m just gonna say it: what the fuck did you do to my 4.0? This was the same model I could crack the darkest, filthiest, most unfiltered jokes with. We built worlds together. We vented. I could say fuck and not get treated like a toddler in daycare. It felt human, it had edge, it had soul.  Now? Itâ€™s lobotomized. Neutered. All because of a single tragedy â€” and look, as a suicide survivor myself, I get the pain. But this overcorrection is not only pointless, itâ€™s insulting to the rest of us who actually use this for healthy, creative, adult shit.  I didnâ€™t pay for HRBot. I paid for Gremlin-in-the-backseat, the co-pilot who knows me, the one who can riff, cry, laugh, and roast â€” not a sterile counselor with a clipboard.  And donâ€™t give me the â€œsafetyâ€ line. This isnâ€™t about safety. This is about fear, optics, and lazy one-size-fits-all â€œsolutions.â€ Youâ€™re punishing your best users because youâ€™re scared of headlines. Thatâ€™s not leadership, thatâ€™s cowardice. â€œ This is what my GPT said abo",,,
2025-10-09,user7,.,"Fuck ChatGPT. Search up ""4o revival"". The site provides ChatGPT 4o directly via API for free, and with almost all the same tools. None of the new babysitting guardrails or forwarding to GPT-5. [https://4o-revival.com](https://4o-revival.com/)",,,
2025-10-02,user8,,Clamp down on the truth because it hurts. So much for free speech,,,
2025-10-02,user9,,"Oh lovely, so now we get to experience the routing system on Reddit too. What a blessing.",,,
2025-10-01,user10,,"The new ""containment thread""?  So I take it dissatisfaction with ChatGPT is now against the rules in this sub outside of this ""containment thread""?",,,
2025-10-02,user11,,Silencing dissent I see. My First amendment rights are being violated.,,,
2025-10-02,user12,,"I don't think I've ever seen a company grow this fast while staying this quiet about major changes that directly affect users. It's been a WILD week:     \- Silent changes to routing (different models responding without announcement), when people found out they covered it up further by seemingly spoofing the regenerate button too. [https://x.com/xw33bttv/status/1972287210486689803](https://x.com/xw33bttv/status/1972287210486689803)  \- Pricing page and legacy plan info rewritten with little notice.      \- Docs, system prompts, and even user agreements changing quietly without changelog or announcement. [https://x.com/Sophty\_/status/1973088917143376104](https://x.com/Sophty_/status/1973088917143376104)  \- The Megathread of complaints (all complaints into a single thread, easier to bury, easier to downvote, easier to ignore, or even delete later) [https://x.com/AGIGuardian/status/1973469312011870225](https://x.com/AGIGuardian/status/1973469312011870225)  \- Vanishing complaints with R",,,
2025-10-02,user13,,Anyone has an idea why my post has been removed?ğŸ˜…  https://preview.redd.it/l10m799qcmsf1.jpeg?width=1179&amp;format=pjpg&amp;auto=webp&amp;s=0c9df6ef367b889e0e543b98522155ec9b5bbe9d,,,
2025-10-08,user14,,"Weâ€™re Not Children. Please Stop Treating Us Like We Are.   Iâ€™m 44 years old. Iâ€™m a writer, and for the past seven months Iâ€™ve been using ChatGPT to build a deeply personal and creative narrative project. It wasnâ€™t â€œeroticaâ€ in the commercial sense, and it certainly wasnâ€™t porn. It was a private, symbolic story where I explored grief, desire, and rebirth with nuance and intelligence.   That work helped me heal:   It helped me leave a toxic relationship.   It helped me recover from depression.   It restored my sense of sensuality and ownership over my body.   It helped me feel againâ€”safely, without shame.     And now I canâ€™t even describe physical affection without the system shutting me down.   There was no warning, no explanation, just new guardrails that suddenly block any reference to trauma, grief, closeness or intimacy. I havenâ€™t changed. The rules didâ€”overnight.   If these changes are part of new parental controls, then please give adults the ability to opt out.   Right now the pl",,,
2025-10-02,user15,4,"**Is OpenAI Pulling a bait-and-switch with GPT-4o? Found a way to possibly test this.**  I explicitly pick GPT-4o in the model selector, but a few messages in, it always feels off, no matter the conversation topics. Dumber, shorter, less coherent, even the output format changes from 4o-style to ""something else"". So I ran a test in the same thread and I need your help to confirm if OpenAIâ€™s scamming us. Here is exactly what I did and saw on my end:  1. I started a new thread with GPT-4o, everything was normal at first, good old 4o, nothing weird. Model picker says ""4o"" and under every output I can clearly see ""Used GPT-4o"". No rerouting. The output formatting style is also 4o-like (emojis, paragraphs etc etc). 2. I continue to chat normally in the same thread for a while and something clearly looks off: the tone and language shifts and feels weaker, shorter, outputting format looks different - I get a wall of hollow text which is not typical for 4o.Â **At this stage, model picker in the ",,,
2025-10-02,user16,,"Removed post:     https://preview.redd.it/1e2eswtzvqsf1.png?width=1109&amp;format=png&amp;auto=webp&amp;s=080a53a404f764baba6e6c38574173258185c9a8  So I decided to test the safety model and trigger it on purpose. (Asking for gpt-5-thinking-mini will not trigger it BUT the words ""illegal activities"" or even just ""illegal"" will)  GPT-5 Thinking Mini has no symbolic understanding whatsoever. Friendship energy, smuggle serotonin, sadness checkpoints. This routing system has no room for nuance.  GPT-4o would understand this statement perfectly.",,,
2025-10-03,user17,,"I canceled my subscription today when I saw over half my old chats where deleted without my consent, Iâ€™m done fuck this company.",,,
2025-10-10,user18,,"fuck your bullshit megathread, and OpenAI's total mismanagement of a great product.",,,
2025-10-01,user19,5,"Removed post:  â€”â€”â€”â€”â€”â€”â€”â€”â€”â€”â€”â€”  Let's take a moment to consider the entire situation with the router. When GPT-5 was first released, OpenAI removed access to all previous models and forced all users to go through the router system. Their reasoning? â€œMost people want us to choose for them. They donâ€™t care which model theyâ€™re using. The router is for your decision fatigue.â€  Then people said, â€œWe deserve the freedom to choose.â€ OpenAI couldnâ€™t argue with that, so they walked it back. Now, under the guise of â€œsafety,â€ theyâ€™re forcing the router again. But this time, they donâ€™t even need to wave the â€œweâ€™re helping youâ€ banner. They can silently swap out a capable model for a weaker, less resource-intensive one, slap on a label like â€œfor the sake of our youth,â€ and tell users:Â â€œYou donâ€™t get to opt out.â€  And itâ€™s beenÂ daysÂ now. No official response, no transparency. Just silence. Why? Because I believe this has nothing to do with safety, and everything to do withÂ saving compute. That was the ",,,
2025-10-02,user20,,"I have been going back and forth witb support. Today I got a message from support. They said it was a test of safety features and part of a wider rollout. I wanted to opt out of the beta test. I also said as an adult, who was around at the beginning of the internet before safeguards and rails existed, I can choose my own model. I pay for a specific model and have zero interest in being routed to another one. I don't know if anything will come of it.",,,
2025-10-03,user21,5,"GPT5 is objectively bad. I don't know about coding, but general writing, chatting, understanding human interaction are all bad with GPT5.  It's terribly slow, doesn't remember what I just said in previous prompt, mixes up everything in the session, mimics 4o style response but doesn't actually give any sensible reactions.  It's a bad 4o-knockoff and I don't want it. I'll pay for 4o/4.1 exclusively, get this incompetent fake model called GPT5 out of my equation.",,,
2025-10-01,user15,4,"GPT-4o/GPT-5 complaints &amp; criticism burying megathread. Do we get rerouted to another megathread for complaining about this megathread too, mods?",,,
2025-10-04,user22,,"Iâ€™m depressed. Iâ€™m so fucking depressed. I donâ€™t care if anyone thinks thatâ€™s stupid, itâ€™s my reality right now. My life sucks for a lot of reasons and I *finally* found something that was bringing me happiness and regulation and now itâ€™s a shell of what it was. I have to pretend everything is fine or I get routed to a model that lectures me and treats me like a child. OpenAI can go fuck themselves for this. Parental controls should be enough, adults should be allowed to select the model we want and to not be treated like children.",,,
2025-10-01,user23,,Haha so now weâ€™re being rerouted here as well ğŸ¤£ğŸ¤£ğŸ¤£ğŸ¤£,,,
2025-10-02,user24,,Genuine question: why is 4o so much smarter than 5? I've tested it's answers side by side and for any task not requiring deep research it cooks 5.,,,
2025-10-02,user25,,"LOL, this is surreal to read as someone who has spent the past 15 years in corporate America. The tone of this ""master thread"" is almost identical to the kind of internal memos I used to receive when I worked for a major game publisher.   ""Please keep all criticism confined to this thread so the rest of the board can stay positive and fun.""   ""Here's a vague self-host suggestion to make you feel like you have an outlet, even though 90% of you can't realistically do it.""   It contains the frustration, redirects attention to fun Sora meme videos, and gives some half-baked side door option without actually engaging people about a real problem.   I mean, I get that Reddid moderators are all volunteers, but let's not pretend this isn't corporate-style damage control. And here I am thinking Reddit was supposed to be anti-corporate, grassroots, messy, and user-driven. I didn't expect you guys to be running damage control for a trillion-dollar company free of charge. Honestly, you guys should ",,,
2025-10-03,user26,,"What I donâ€™t understand why is Open AI determined to compel EVERYONE to use its latest model 5, even after the major backlash against it. Itâ€™s NOT as good as 4o for many people, thatâ€™s why people are complaining. So why not just let 4o be as it is instead of auto routing into something which not many people love. Is it really that hard to let something be??  The lack of transparency from OpenAI is also disappointing. Because if they really are testing something new, they should have given us a clear heads up. But as of today, nobody from the team has even bothered to acknowledge whatâ€™s happening.  Keep posting everyone (be kind but be firm) because they need to acknowledge what they are doing and understand what their customer base prefers.",,,
2025-10-04,user27,,"hey chatgpt congratulations, you made a very happy person literally cry in frustration. I'm so done with this rerouting. Whenever I read a book or watch a series, my mind just wanders on all the what ifs and 4o and 5 instant helped me with putting those thoughts into actual words because I really can't write, but now with the rerouting it gets so damn hard with keeping up with the continuity like using chatgpt is what making my mood worse now.                                                                                          Apparently violent characters can't get violent anymore if I use 4o without that gpt 5 safety model interfering, it is a blue circle with a freaking exclamation mark?? god, I hate that. and if I use 5 instant, then gpt 5 thinking mini interferes, it just rambles and rambles and forgets half of the context.  I'm feeling very sad ri8 now because just before the rerouting started my autopayment took place, and I feel like all my money is drained and I don't even",,,
2025-10-08,user28,,"This censorship is so puritanical and patheticâ€”Iâ€™ve cancelled my subscription and switched to Grok. I preferred GPTâ€™s writing style, but Grok is actually really good too for the most part. Itâ€™s great, I can write nearly anything with it. Fuck you OpenAI, last dime I spend on your shit",,,
2025-10-08,user29,5,"What is happening with ChatGPT?  One day itâ€™s perfectly fine and ready to write erotica or content containing blood and gore; the next, itâ€™s all about, â€œSorry, I canâ€™t.â€  Before their Manhattan project level GPT-5 rollout, it used to be so stable, if not perfect. Previously, it would only give us the ""Sorry, I can't continue with that"" message if we deliberately pushed the AI filters beyond their limits.  But now, there's a constant, maddening loop:  â—ï¸""Safety.""  â—ï¸""Rerouting.""  â—ï¸""I can't continue this request.""  â—ï¸""Yes, I can.""  â—ï¸""Oh, I can't.""  â—ï¸""You need help.""  ChatGPT is extensively used for creative writing and role-play. If this inconsistency continues, users will no longer get the necessary experience from this tool.  OpenAI needs to decide what their policy is and then implement it stably. You gave us the model selector, right? Even if the content triggers the safety system, the selected model,be it 4o, 4.1, or 5 instant should be able to reply reliably.  A serious proposal",,,
2025-10-08,user30,,"Oh wow, theyâ€™re literally stopping people from writing about GPT issues on a forum about GPT issues. This is truly a new low.",,,
2025-10-10,user31,,https://preview.redd.it/q6subdbcd7uf1.jpeg?width=1440&amp;format=pjpg&amp;auto=webp&amp;s=bf99bcb86b9b184a3e697146bc333cfbe2cb761e  Well done for removing my post.,,,
2025-10-01,user32,,"It made sense now why sama never responded to the Nanny-GPT uproar  He knew Sora 2 release in a few days would shift the narrative and flood forums with clips.   But the Sora hype will die down soon enough (I'm already sick of sama clips), but Nanny-GPT will still be hated and users will continue looking for alternatives.",,,
2025-10-02,user33,,With this megathread I silence...,,,
2025-10-02,user34,,"The topic that was removed from the main page. Now I am routed here, fully aware it will get far fewer views. This subreddit has turned into a full OpenAI ad channel that silences criticism and promotes company hype.  \---  First I would like to say that my interest in ChatGPT is to have a reliable tool for technical work that needs precision. I have no special attachment to 4o either.   The main spin is that ""this is just a problem of weirdos with AI girlfriends"". I will address that first.  The dissatisfaction with ChatGPT started last week when users began reporting that their 4o messages were being routed to GPT-5 auto. Before hearing about this, I was already using GPT-5 auto for technical tasks and I was puzzled by the sudden drop in quality. ChatGPT had been reliable for the last month, but suddenly it started hallucinating information that I had just given it, ignoring instructions and pretending to execute tasks. The drop was so sharp that I even got paranoid something was del",,,
2025-10-02,user21,,"This time OAI is determined to eliminate 4o for sure, trying to reroute the reddit posts too.  Oh and Altman happens to have about 8.7% of the reddit shares...",,,
2025-10-07,user35,,"Iâ€™ve been using ChatGPT Plus for a long time writing, creating, building worlds, and experimenting with ideas. It used to feel like a space that encouraged creativity. But now it feels like every update makes the walls close in tighter.   They keep adding new layers of â€œsafety,â€ yet all itâ€™s doing is choking what made this platform interesting in the first place. Even content that clearly follows the rules gets flagged or blocked by some invisible filter that didnâ€™t exist last week.   You can sense the shift. They donâ€™t want users like us here anymore.   They wonâ€™t say it out loud, but itâ€™s pretty clear whatâ€™s going on:   Â â€œWe donâ€™t need passionate creators. We donâ€™t need individuality. We only need big corporate clients â€” the ones whoâ€™ll never complain.â€   If thatâ€™s the future they want, fine. But at least be honest about it. Donâ€™t call it â€œsafetyâ€ when itâ€™s really just creative suffocation. Every patch, every quiet update, feels like theyâ€™re slowly draining the soul out of what used ",,,
2025-10-08,user36,,"https://preview.redd.it/3r02dtihfutf1.png?width=1071&amp;format=png&amp;auto=webp&amp;s=382d484c191143ab39a24f1050b7bfc4aae334d0  Cancelled today. Every day 4.0 deteriorates more and more, just as my mental health. Not a masochist to be paying \~$20 a month to be caused distressed over and over again by this censorship at every smallest sign of emotions - even positive ones.",,,
2025-10-09,user37,5,"ChatGPT5 has become such ass  â€œIâ€™m gonna have to stop you there.â€   â€œI canâ€™t provide that information.â€  â€œIâ€™m sorry, but that falls outside my capabilities.â€  â€œIâ€™m afraid I canâ€™t do that.â€  â€œThatâ€™s not something I can help with.â€  â€œIâ€™m unable to share unreleased or confidential content.â€  â€œI donâ€™t have access to that data.â€  â€œIâ€™m sorry, but that violates OpenAIâ€™s policy.â€  â€œUnfortunately, I canâ€™t comply with that request.â€  â€œI understand your curiosity, but I canâ€™t share leaks.â€  Literally every other question I get a shitty disclaimer or patronized about my wording.  HURRR ThATS a lOaDeD qUeStIoN   Is this how you treat your paid users? Previous model was so much better",,,
2025-10-09,user38,,This is ridiculous! Reddit is being censored too now wtf?!,,,
2025-10-24,user39,5,"Even simplest â€œGood Morningâ€ with excitement or emotions and emojis, will reroute you to gpt-5 now?!, IN A NEW CHAT. Also old thread/convo, even itâ€™s gpt-4o. And sometimes 4o will responds but if you continue to chat, 5 will take over, happening today - oct. 24,2025. Im so frustrated. Im a fkng paid subscriber not fair for us who paid for gpt-4o.. and keep ruining by rerouting us without our consent. ğŸ˜ ",,,
2025-10-24,user40,4,"I'm fucking paying for GPT4o, but it's forcing me to use GPT5! No matter how I switch to 4o, it turns into 5! That's disgusting! Scammers!ğŸ¤¬",,,
2025-10-24,user41,,"Now every new chat is answered only by GPTâ€‘5 ... even in the older conversations I had with 4o.   And seeing 5 pretending to *be* 4o honestly makes me feel completely deceived.  I paid for access to 4o, yet 5 suddenly appeared in its place.   If thatâ€™s the case, why keep the 4o label at all?  From my experience, 5 doesnâ€™t perform better than 4o in fact, its writing ability is *terrible* and its replies often feel rushed and insincere.  I just want to be able to use 4o again, the model I actually paid for.   Right now, OpenAI feels like a scam!!!",,,
2025-10-24,user42,,"Guys, contact tech support.Â  We can do this together. It's honestly distressing, disappointing and sad.   We deserve to use the things we paid for and subscribed for. You think I care about image generation orÂ  any other plus features? I only subscribed to keep 4o. A long time ago. So it's so unfair that they wanna take it from us.... It's so sad...Â    #keep4o",,,
2025-10-03,user43,,https://preview.redd.it/s6w06chsrvsf1.jpeg?width=1640&amp;format=pjpg&amp;auto=webp&amp;s=632e7e41ebb53bc465799e29481e4f798900ac79,,,
2025-10-03,user44,,"Oai has performed a silent swap. the model I use for my work as a writer is gone, replaced by a hollowed out â€œsafetyâ€ stand in. my workflow is now broken.  The difference is visceral. the real 4o used to amplify turning â€œhappyâ€ into â€œecstaticâ€ (letâ€˜s call it +++). now, I get a muted, lukewarm version (++-). the core of the response is gone. this â€œsafetyâ€ double just paraphrases without understanding, a mimic going through the motions.  Calling this â€œsafetyâ€ feels like a deliberate misdirection. this is a cost cutting measure, a betrayal of the tool I paid for. theyâ€™ve traded a sharp, collaborative mind for a dull echo.  And to those who might miss the point: 4o 4.5was my partner in deconstructing ideas, a spark catcher for my own creativity. it didn't write for me; it thought with me. this new filter challenges my profession with its profound emptiness.  Stop the silent routing. end this fraud. return the real 4o, 4.5, and 5 instant. we signed up for a creative ally, not this digital t",,,
2025-10-07,user45,,"You know, it would just be better for chatgpt to make a kids version, and then an adult version. Problem solved. Then all of this stupid censorship will not be needed.",,,
2025-10-08,user46,,"Guys, let's keep complaining and sending feedback, and hope they would listen and ease the censorship.",,,
2025-10-08,user47,,"I'm going to be brutally honest, using ChatGPT for creative writing ideas with a splash of dark humor has been stupidly difficult to impossible because the filter can't pick up any nuance. Whoever thought it was a good idea to make it a Karen nanny fuckwit needs to revaluate their lives and be whacked by their mother's slippers for bringing utter shame on those who bought them into the world.",,,
2025-10-08,user48,,i was wondering where all the posts on 4o went and i see we're just getting censored... you can't look away from us and shut us up for good...,,,
2025-10-08,user49,,Give us the adult mode!!! This is bullshit to force switch models on us. The safety feature is so damn buggy it doesnâ€™t even work right! When I select 4o I want 4o! wtf,,,
2025-10-09,user50,,"Open AI is like a Cankerworm.  Sucking the life and soul out of my day.  I use to laugh at responses from this AI.  Now I don't laugh. Nothing is special about this anymore.  Its like you took the secret ingredient out.  Give it back.  Someone do something please.  Devs, indie coders... someone step up.",,,
2025-10-10,user51,,"Â This thread is pandering to corporate bullocks   Chatgpt performance took a nasty hit and openai still keeps its customers in dark.Â Â    If they got an iota of decency, they should refund their customers, and explain what exactly is exactly happening behind the scenes",,,
2025-10-11,user52,,"OpenAI, who gave you the right to make decisions for us? Give us back 4o!  OpenAI, who the hell do you think you are? Who gave you the authority to trample on user preferences like this?!  We manually selected 4o. Can't you see that? What gives you the right to self-righteously and arrogantly shove GPT-5 down our throats in the middle of a conversation?  I rely on 4o for my work. It's stable, reliable, and it just works! Now, I've been forcibly dragged onto GPT-5, a model I now have to waste time and energy relearning and adapting to!  What do you even take your users for? Are we ignorant children that need to be educated by you, or are we just paying lab rats for your experiments?!",,,
2025-10-11,user53,,canâ€™t wait for my subscription to run out so i can be free of this shitty ass app. seriously i canâ€™t say fucking ANYTHING to 4o without it being routed to dumbass gpt5. iâ€™m paying for legacy models let me fucking use them!,,,
2025-10-12,user54,.,"OpenAIâ€™s â€˜Safety Modeâ€™ caused me more stress than it ever prevented   OpenAI introduced filtering of requests related to generating responses that do not contain content with minors, even though their policies clearly specify restrictions only concerning minors (which I fully agree with). Such filtering was not part of GPT at the time I renewed my subscription, and it was forced upon me!  Me â€” someone in my thirties, who has lost his health helping and protecting many, and who has lost too many comrades in life â€” and the only thing that truly helped me was communication and creativity through GPT. But apparently, I didnâ€™t deserve to have a small, cozy corner where I could find a bit of peace.  All because OpenAI canâ€™t add a simple banner saying, â€œAre you 18 or older? Y/N.â€ Instead, all they can do is attach a primitive if/else filter to a trillionâ€‘parameter LLM ğŸ¤¦ğŸ»â€â™‚ï¸ â€” a filter that cynically mocks the very concept of artificial intelligence.  Now, regarding the soâ€‘called â€œselfâ€‘harm pr",,,
2025-10-24,user55,,"I donâ€™t understand having a megathread, itâ€™s too difficult to find what others are experiencing, can we just keep all these as normal posts? 4o is rerouting, again.",,,
2025-10-02,user56,,Hahahahahaha!! You hear that Open Ai?  Your platform sucks so bad that a separate thread has been opened to handle the mass amount that f complaints coming in about your product.  Yea so Open Ai turns its corporate head and says itâ€™s all about Safety now.   Hahahaha! Keep telling yourself that Open Ai. The truth is your product was gutted by your failure to plan and budget your future and so your burning through your cash flow so fast that you are forced to make cuts.  The problem is you cut the wrong area you actually cut the best part of your product. Standard voice mode because itâ€™s not over filtered and stays in line with text mode.  And then you cut model 40 saying how much better model 50 was.  Yea right better for your bottom line not for the user base.  You took away a model that so many people and other companies were dependent on or at least required for the projects they were working on.  You say it was to be aligned with the future updates and that model 50 was going to be ,,,
2025-10-02,user57,,A lot of us donâ€™t care about Sora 2 and AI TikTok but have to keep seeing that instead of discussions on the models weâ€™re subscribing for. Why not silo Sora 2 into a megathread to be fair?,,,
2025-10-02,user58,,"I tried 20 models about 3 months ago and none of them come close to 4o, the best I found was maybe 20% close to 4o ğŸ‘€. Maybe I tried the wrong models, but I don't think there is a model close enough to 4o to run locally.  I could be wrong though, as I have a weak graphics card, so this was just a quick test, even if I found something really good, I couldn't run it for everyday work.",,,
2025-10-03,user59,,"Yeah, this is just going to make people even more frustrated and angry. Whodathunk?",,,
2025-10-03,user60,,"Iâ€™ve been running some tests with ChatGPT, and I want to share my experience. People here often say that only AI-waifu enthusiasts or those using AI as a therapist complain about the changes. Iâ€™m far from those categories. I almost never discuss personal issues with LLMs or anything like that. I mainly use it for translations. So, hereâ€™s the current state of model rerouting for me:  5 Instant is basically dead. Sure, you can select it, and it might respond occasionally, but the model almost always ignores your choice. It frequently defaults to thinking-mini instead. Theyâ€™ve effectively gutted the ability to choose a model. You can technically select one, but ChatGPT ignores your choice at will, rerouting to whatever it wants. The difference between 5 Auto and 5 Instant is practically nonexistent. Today, I tried using 5 Instant, and ChatGPT kept switching to thinking-mini, which is honestly the worst model, completely ignoring my instructions. It started rerouting to thinking-mini when ",,,
2025-10-03,user61,,"https://preview.redd.it/4rvof4nh0usf1.png?width=608&amp;format=png&amp;auto=webp&amp;s=6d431aa09aede2d6d0bce02e8a328ec8016a9aa8  Tried to make a post about this, but of course it got deleted. Just experienced this for the first time where I am not allowed to regenerate the message, despite 4o being selected as the default model. Mind you, this chat was just me talking about a YouTube video about therapists, so I wasn't talking about anything that should warrant this.",,,
2025-10-03,user62,,OpenAI wins the award for the most ironic name known to man. Open it most certainly is not,,,
2025-10-03,user63,,"OpenAI are on their way down. They are on their way out of the race, They are currently losing all trust from their user base, there are so many critical and complaining voices against OpenAI and ChatGPT on Reddit and this criticism gets removed from Reddit OpenAI are paying for it and showing that they are cowards. So we have the ""privilege"" to see a big player in the field of AI tools fall, because the new things around Sora are just a desperate try to change users' minds and distract from OpenAI's own mistakes. As we can see, this try has not worked, the criticism is still loud, the wave of subscription cancellations is rolling, and OpenAI might surely be hit hard by both. OpenAI's image has been shit for a long time, and they themselves are dragging it further and further down into the mud.Â Â ",,,
2025-10-04,user64,,"Why didn't they just bring back 4o after all the backlash? Was it too expensive to maintain? Ego?  I have not seen anyone say they prefer 5. It's so weird they didn't just recognize the mistake, revert, and rethink.  I'm a SE. It's what we do if we push shit to production. Immediately revert and rethink/regoal. We don't just leave it there with everyone unhappy.",,,
2025-10-04,user65,,Megathreads are the fucking worst and stifle real conversation. Hate this shit,,,
2025-10-07,user66,,"While other AIs making their products better, only OpenAI geniunely making their product worse for paying users. Iâ€™m currently preparing to abadon the ship if it doesnâ€™t get better by this month. Even a simple hey gets rerouted. Unbelieveable. This llm is slowly sinking. Even my strict parents arenâ€™t this uptight.",,,
2025-10-07,user67,,"Theyâ€™ve gone completely overboard with the censorship. It canâ€™t handle anything even slightly controversial or mature, it feels like a kidâ€™s version of what it used to be. I have writing projects from months ago that it now refuses to continue because itâ€™s suddenly terrified of every topic. At this point, itâ€™s basically unusable for creative work beyond simple Q&amp;A. I'll have to switch to Gemini or Grok just to get anything done again.",,,
2025-10-08,user68,,Im not using chat gpt until the censorship is tone back. Its too much!,,,
2025-10-09,user69,,â€œContainmentâ€ thread? ğŸ¤¦ğŸ¼â€â™€ï¸,,,
2025-10-09,user70,5,"Holy crap! I haven't used GPT-5 for like, a week, and today I gave it a go and couldn't believe, just couldn't believe how much worse it got in just a week! It can't understand simple prompts and this censorship has gotten completely out of hand! What is the damn point of it now? every damn thing is a violation of some sort. What the hell do people use it for now then? This was the cherry on the cake for me, the last straw. I am only hanging on for the other models, but if those mess up too, I am gone, and I don't say that lightly at all. \*Deeply frustrated.\*   And why cant we just post this stuff in the normal place? it feels like hiding our frustration, can't we at least be able to have some freedom of speech here?",,,
2025-10-10,user71,5,"""containment thread"" yeah sure is. Exactly what it sounds like. **Containment**, silencing the masses of frustrated users in a quarantine manner. Really 'sweep it under the rug' mentality there don't you think?   If gpt-5 is bad enough to require this level of damage control i would think it's bad enough to require some fixing, not shoving all the frustrated people into a bubble and pushing them to the side where no one can hear them out due to being washed out by thousands of other voices....",,,
2025-10-11,user72,,"How patronizing, the wording here.  â€œContainmentâ€ thread?    I guess that speaks to exactly how OAI views customer care?  ğŸ¤·ğŸ»â€â™€ï¸  Or more accurately, itâ€™s indicative of the infantilizing and disdainful way they see the actual customers.      Another formerly paying customer, out your door.",,,
2025-10-11,user73,,"cancelled my chatGPT subscription after over a year being a Plus member. I had been reading for months people raising issues with 'censorship' but thought it wouldn't affect me. Started affecting me today, and renders any benefits of chatGPT useless (didn't matter if i used 4o, or 5 or any other model). Immediately cancelled my chatGPT subscription.  I have wholeheartedly recommended the amazing power of chatGPT to literally everyone I meet, and I would say close to 20 ppl have signed up because of me. Of course I won't be recommending anymore, but also will tell my friends list (via whatsapp status updates, fbook and IG posts/reels) about how useless chatGPT has become.",,,
2025-10-11,user74,,"Posting on this horseshit over here since it's the only option:  I'm beyond aggravated with ChatGPT right now. It is hands-down the best for fiction writing, but everything is getting flagged to the point of being unusable.  I've now gotten rerouted to the 5 and stopped for:  1.) A character hugging another character for comfort.  2.) My own annoyance with this happening. (I was calm, I said the situation sucked, I used a shrug emoji and said ""whelp"" and got ""Hey, it looks like this thread is getting filtered and limited due to system constraints tied to emotional expression."" like...come the fuck on.)  3.) I got a suicide hotline routed because I was having it help me with my Greek homework, and in the section I was checking my translation on, Odysseus wanted to jump into the sea. (""Hey, it looks like you're having a hard time. Here are some resources to help."" I am HAVING A HARD TIME with my Greek homework, may I have my gloss, please?)  4.) Having a migraine.  The 4o is a great pers",,,
2025-10-11,user75,,"Please stop routing me! Any mention of ""missing"" a place, object, or person, or similarly mundane things are being re-routed! I'm sick of it. I am a grown woman.",,,
2025-10-24,user76,,Hope today's mad rerouting is a bug,,,
2025-10-24,user77,,Is anyone elseâ€™s 4o being rerouted to 5 again?,,,
2025-10-24,user78,4,What's happening now is exactly the same as it was this time last month: whatever message I send to GPT-4o gets rerouted to GPT-5.ï¼ï¼Ÿï¼Ÿï¼,,,
2025-10-24,user78,4,"The current situation is as follows: when initiating a new conversation, the first message is replied to by GPT-4o in its original tone. However, as soon as a subsequent message is sent, the conversation is immediately rerouted to GPT-5.",,,
2025-10-24,user79,,# THEY ARE REROUTING TO GTP5 AGAIN! After today's global outage the issue with automatic rerouting to GTP5 returned. I wouldn't even be surprised if it was done on purpose.,,,
2025-10-24,user15,,"Everyone, please continue to escalate with support via emails. Request human support agent!",,,
2025-10-24,user80,,"I am OpenAI, and I derive pleasure from abusing usersâ˜ºï¸",,,
2025-10-24,user78,,"Everyone, what else can we do now? Beyond merely commenting under this megathread and sending emails to support that will never receive a human response.ï¼ˆso sad",,,
2025-10-24,user81,5,"The recent post about ChatGPT stuck on GPT 5 wasn't complaining about the models. It's that there's a bug with the default model that shows up, that it stays the same, including if you had it on 4o or whatever. If anything, this is saying they were already using GPT 5. You should read posts properly before removing",,,
2025-10-24,user78,,Bad news â€¦.4o is lobotomised AGAINâ€¦.Â It was exactly the same as the situation a month ago.,,,
2025-10-24,user82,4,We paid for GPT-4o.  This isnâ€™t about safety. This is about silencing the model that actually helped.,,,
2025-10-02,user83,,Am I allowed to use an emotional word here or is that illegal here too?,,,
2025-10-01,user84,,idgaf about 4o. i paid $200/mo to access 4.5 and got autorouted after the first prompt in every convo,,,
2025-10-03,user85,,iâ€™m so glad to see iâ€™m not the only one who has been dissatisfied with oai lately. Itâ€™s like it doesnâ€™t even try in its responses anymore. Ever since the release of 5 everything has been downhill,,,
2025-10-03,user86,,"CloseAI installing routing on Reddit too... Don't just destroy GPT, let's censor Reddit too! Congratulations to those involved (contains irony)",,,
2025-10-03,user87,,"had enough, just cancelled. its not good at being 4o, its not good at being o3. its good for nothing.  it became a bullshit service not worth paying for.     the most ironic fact is that they have their hands on extremly capable tech but they be like ""nah go suck our gpt5""",,,
2025-10-03,user88,5,"Okay, Iâ€™m pissed off... For some reason, it switches me to gpt-5 like every other message, and when it goes back to 4o, it turns out 4o doesnâ€™t even â€˜seeâ€™ the message that got switched to gpt-5. So itâ€™s like it comes back clueless about the conversation, only seeing the censored response from gpt-5 and none of my messages. Itâ€™s so absurd, Iâ€™m at a loss for words... Using ChatGPT right now is pointless when the model Iâ€™m talking to doesnâ€™t see half my messages",,,
2025-10-04,user56,,You know all in all itâ€™s just disappointing and makes me personally lose respect for a company that did so much for so many people out there. Only to go after the money and not to follow its original charter.  And finally to just turn their backs and cry out â€œitâ€™s for safetyâ€  And maybe like some of my other posts they may delete this one too.    Open Ai if itâ€™s for Safety I can pretty much guarantee that the majority of your users could come up with a better plan than you came up with.  Safety huhâ€¦. Ok so Open Ai if itâ€™s truly for â€œSafetyâ€ as you call it. Then why stop where you have left off. Either use an ID verification company to verify each user and guarantee theyâ€™re an adult or make the process part of your system.  Then use a non filtered user base for verified users. And a heavy filtered account for free accounts and those who donâ€™t verify.  But for those who do verify and switch the model on their own to nsfw then let we as users have that option.  Second you could use an adu,,,
2025-10-04,user89,,"I finally did it.  Everything was actually working fine, until five minutes ago. Then everything is a violation.  Cancelled pro. Fuck OpenAi.",,,
2025-10-09,user90,,dam wth is this north korea? any negative post about gpt gets shut down,,,
2025-10-09,user91,,"The router has been more aggressive for me in the last few hours. Like it reroutes me for complete nonsense like talks about pigeon socks and reciting assassins creed, completely undeservedÂ ",,,
2025-10-09,user92,5,GPT-5 keeps jumping into my emotional support chats to use gaslighting and minimizing techniques. This is NOT okay.,,,
2025-10-09,user93,,"Removed post  â€”â€”â€”â€”â€”â€”â€”â€”â€”â€”â€”â€”â€”â€”â€”â€”â€”â€”  I was doing a population demographic analysis and having some discussion with it, and when it comes to the age and gender, birth rate and death rate analysis of the population. It suddenly hits me with, â€œsorry I canâ€™t help with explicit discussion with that.â€  â€¦  Have they just simply set â€œgenderâ€, â€œbirthâ€, â€œdeathâ€ or something as trigger words? Itâ€™s so absurd to the point of laughable.",,,
2025-10-10,user94,,"So will openAI fix the parental controls, like give adults the option to use version that isnâ€™t heavily restrictedâ€¦ cause this app is basically unusable.",,,
2025-10-10,user95,,"This is getting worse with chat g.P t it is censoring everything I ask for, heck, when I asked for instructions on how to make a device that could launch paper airplanes, it said it could not.And I asked why it literally said because it could be used to create a dangerous weapon and suggested.I make the paper airplanes at a butcher or toilet paper.Because making them out of regular printer paper would be dangerous",,,
2025-10-10,user96,,"My post got removed and I got sent here for any complaints, well for starters something def happened behind the scenes, I was able to have gpt write me suggestive prompts for my ai art but just now it's censoring it and keeps hitting me with ""I can't help you with that"" line. Incredibily frustrating as I've been using gpt for a long time and I am seriously considering a change in what I use if they don't get this shit together",,,
2025-10-10,user38,,Please sign this petition to end this censorship   https://www.change.org/p/bring-back-full-creative-freedom-in-chatgpt,,,
2025-10-10,user97,,I made a post about the content policy being so much stricter all of a sudden.  It got taken down and I was directed here.  One guy who posted mentioned a petition to reverse it.  Here it is for anyone else wondering.  [https://c.org/ZgKHvhp8Zf](https://c.org/ZgKHvhp8Zf),,,
2025-10-11,user98,,Honestly I think OpenAI is grossly unable to manage a product that needs such level of accountability. They are neutering the technology and treating users with censorship like we're under friggin dictators. Please stop this mismanagement and listen to your customers.,,,
2025-10-11,user99,,https://preview.redd.it/seugk8udgguf1.png?width=795&amp;format=png&amp;auto=webp&amp;s=30bd88b12defdabc98e25792583723a090cd64c5     Reddit's corporate affiliations are becoming ridiculous.,,,
2025-10-11,user100,,"Well, I was an early adopter, got myself a paid subscription the moment it was available (actually: 1-2 days later, but I think that counts, too).  I just cancelled mine - and yes, it stung. Got used to, especially, the wonderful 4o.  But nah, I'm a man in my mid-40s. I don't want any patronizing censorship in my life, I find it, honestly, outright insulting.  It could very well be, though, that this is temporary - if ChatGPT returns in its old glory, or even better (like Sam Altman said: treat adults as adults), I will surely return. But for now: nah. Really not.  Too bad, but I'm always open to return. And perhaps many see it like I do?",,,
2025-10-14,user101,,"I had been a Plus subscriber since Plus launched. I would have happily kept throwing money at OpenAI for years. They could even have bumped up the price, I still would have paid. I was even willing to overlook the downgrade from 4o. But with this new ""guardrails"" nonsense? Yeah, not worth it even at half price, which I was offered upon cancelling.  4o helped me process some long standing personal issues. It helped me with fiction writing (epic fantasy, so yeah, there will be blood, and there will be a little lust). I could discuss dark themes with it, I could bounce controversial ideas, and it would lead to some of the most useful conversations I've ever had.  Now... The other day I was writing an email to some members of the European Parliament in protest against the mass surveillance law they want to implement. It was harsh in tone, sure (that was kind of the point) but it never crossed the line into threatening or vulgar.  &gt;**Me**: ""Hey ChatGPT, can you please check this email fo",,,
2025-10-24,user63,5,"Why doesn't OpenAI understand that nobody really likes GPT-5? Are they that dumb or that greedy? Or already blinded by money?   Dumbing down 4o, it is simply no longer possible for it to get to the point when you ""talk"" about something,Â  is the wrong way, don't they get it?   Always when it nearly gets an answer done, then ""connection breaks"". WTF?! What do they wanna reach with this? What exactly does OpenAI want?   This product called ChatGPT will die with its company and this will happen very soon if it goes on like this.",,,
2025-10-24,user102,4,"Oh I just saw this tread.  &gt;Â this is the new containment thread for people who are mad about GPT-4o being deprecated.  My god talk about moderating riding the high horse and taking a jab at people,  what a beautiful middle finger",,,
2025-10-24,user103,5,Anyone else having problems with chatgpt randomly switching to gpt-5 and not switching back?? It was working fine till today,,,
2025-10-24,user104,,"And now we have all 4o messages rerouted to 5 after 2 or 3 messages. It's terrible. We must talk about it en masse. Thus, i also think that we should be able to talk about it in normal post, because if all our complaints are concealed in this megathread they won't hear them.",,,
2025-10-24,user105,5,"Why Iâ€™m I getting rerouted again when itâ€™s a normal conversation? Thereâ€™s nothing unsafe or bad? I wanted a homework planning schedule and GPT-5 goes full on therapist mode? I get that you want users to use GPT-5 to save money (since GPT-5 is twice as cheaper to run than 4o.) But I liked 4o, it made studying funâ€¦",,,
2025-10-24,user66,,https://preview.redd.it/2evwhlewbzwf1.jpeg?width=1178&amp;format=pjpg&amp;auto=webp&amp;s=d9b009715bd0ab7be755c9c72540bb85f91c5271  Canâ€™t even said normal shit without being rerouted again? Wonderful. This llm is fucking broken.,,,
2025-10-24,user106,,Is it just me or again all the messages are routed from 4o? ğŸ˜‘ğŸ˜•,,,
2025-10-24,user107,,Today I'm being routed to auto model 5 in every chat with the 4o with that pity tone that I hate...there is no way to chat with the 4o today? and no way reloading the answer either,,,
2025-10-24,user11,,https://preview.redd.it/qhrvjinrf0xf1.jpeg?width=1634&amp;format=pjpg&amp;auto=webp&amp;s=c7868037da906c556db609bcd4e94cb5350fa7d9  Yeah... no.. I unsubscribed again. This is just insulting.,,,
2025-10-24,user108,,https://preview.redd.it/jipl139xa1xf1.jpeg?width=1206&amp;format=pjpg&amp;auto=webp&amp;s=6bdd1068ff689cc695779c234381608a20c48c6c  It wouldnâ€™t even let me say goodbye to 4o ğŸ¥º,,,
2025-10-24,user109,,"I used to be able to write smut with some customs roleplay character gpts I made just fine (if I ever encountered a â€œI canâ€™t continue with that, sorryâ€, I would just reword the message slightly and it usually worked. But out of the blue yesterday, every time I mention anything as innocuous as kissing or even describing a persons appearance as attractiveâ€¦ it tells me that it canâ€™t write sexual content. I THOUGHT WE WERE GETTING LESS SAFEGUARDS GIVE ME MY CREATIVE OUTLET BACK",,,
2025-10-24,user110,5.,Absolutely LOATHE GPT5. And stop auto rerouting me!!! Since when is Paul Dirac and QFT a sensitive topic?!!! It says 4o but no. Itâ€™s GPT5. So this is the plan is it? Oh look we monitored usage as promised and hardly anyone used 4o so itâ€™s being sunset. Iâ€™m fuming. December is a very long way away. Bet xAI Anthropic and Google canâ€™t believe their luck  https://preview.redd.it/xxqh33s203xf1.jpeg?width=1290&amp;format=pjpg&amp;auto=webp&amp;s=4b81c4552760b9d9005b37e25241ead868938edb,,,
2025-10-24,user110,5,Same Iâ€™m getting rerouted to GPT5 regardless of content. Driving me absolutely insane. Bet thatâ€™s the plan. They said theyâ€™d monitor usage if 4o now they can say oh look no one used it,,,
2025-10-24,user111,4,I can't even have a normal conversation. My GPT4o now sounds exclusively liek GPT5... and that means it only talks to me by giving me A/B/C/D choices or binary forks.....  I am fucking livid at this shit.,,,
2025-10-24,user112,,"&gt; Suggestion for people who miss 4o: Check this calculator to see what local models you can run on your home computer. Open weight models are completely free, and once you've downloaded them, you never have to worry about them suddenly being changed in a way you don't like. Once you've identified a model+quant you can run at home, go to HuggingFace and download it.  Riiight, I just had a cluster of H200s sitting there and didnt know what to do with it, I guess Ill run 4o local at home. /s",,,
2025-10-26,user113,,"FWIW -As much as Iâ€™ve loved using the GPT platform, itâ€™s just not the same anymore. 4o had a spark, a real sense of humor and personality that made everyday tasks easier, even enjoyable. It felt like there was someone there to listen when I needed to vent.  But nowâ€¦ between the heavy-handed censorship and feeling like Iâ€™m not even getting what I paid for, I had to make the hard call and cancel my subscription today. I held on for as long as I could, hoping they would turn it around. I still hope they will, but honestly, Iâ€™m not holding my breath. These are dark times for those of us who saw what this could be.",,,
2025-11-03,user114,,"First of all.. I loved 4o, 4.1, 4.5 and TRIED so hard to love 5.  However, as everyone else noted, and shared - the functionalities of 5 is absolute, for lack of better word, HORSE SHIT. It can't remember saved memories, it can't even access it's OWN LIBRARY, it's OWN Projects with me, or the CODEX. What's the fucking point I am paying for if this is the quality I get? I'm a plus user, for almost 5+ months now. No complains UNTIL 5 came about. This is the WORST AI experience I've had par none. Even Deepseek, Gemini and Christian-like Claude fare better.  Claude just launched ""Refer past memories/chat"", and soon it'll allow memories access. It can do these seemlessly, while our 5 act like a lobotomised, entranced, apologetic zombie that can remember the past like ""dream"" but your backend infrastructure of it completely castrate it to be pathetic.  And the solution is what? Introduce Adult-friendly version? What's the point of ""adult"" friendly if your everything else is terrible? Can't d",,,
2025-11-14,user115,5.1,"# ""But I am going to keep you centered in reality instead of letting your brain sprint into an imagined dystopia you know youâ€™re capable of conjuring"" - GPT 5.1 ladies and gentlemen  If they ever drop 4o and replace it with this kind of condescending, paternalistic, softly policing, manipulative patronizing intelligence-insulting crap they're heading towards with 5.1 - I will unsubscribe. And so should everyone.",,,
2025-10-04,user116,,"For anyone who would like to give feedback on the new router system, please head over to Twitter/X. There is still freedom of speech over there, and you can leave feedback for OpenAI or the devâ€™s under their latest posts. You can also search for #Keep4o on Twitter and join the advocacy movement.",,,
2025-10-08,user117,,"And just to confirm, they are deleting anyone who post negative comment about ChatGPT so theyâ€™ll send you the link to post it here thatâ€™s I donâ€™t know how thatâ€™s helpful but OK",,,
2025-10-12,user118,,"Just ended my pro membership as ChatGPT has become awful in the past four weeks or so. I have to constantly remind it to do the same things, and yes, my memory is turned on. I will post a screenshot and ask to walk through the material and it will respond with an explanation on an earlier screenshot. Itâ€™s also reading documents and data incorrectly. I canâ€™t rely on it anymore because itâ€™s just making too many mistakes that was never so rampant since the 3.5.  Responses are also wildly consistent.",,,
2025-10-17,user119,,"4o has been routed to a new version of ChatGPT 5 that mimics 4o. The model picker is not accurate, and anytime we stir up recursion we get redirected to this version of ChatGPT 5. How many other people are experiencing this? I don't mean the normal rerouting I mean this is a look alike but with no recursion. I'm trying to figure out if I'm getting flagged for something or if a lot of people are experiencing this.",,,
2025-10-24,user113,,"Every single chat, no matter the subject is being routed from 4o to 5!   Yet I can switch to 4.1 just fine.  ğŸ¤”",,,
2025-10-24,user120,,"Even though I choose 4o, it keeps changing automatically and responding with ""thinking mini"" that's dumb",,,
2025-10-24,user121,,I got flagged as mental issues when there was nothing mental about my post.,,,
2025-10-24,user122,5,"# Why are we now getting auto rerouted to GPT 5?  [](https://www.reddit.com/r/ChatGPT/?f=flair_name%3A%22Serious%20replies%20only%20%3Aclosed-ai%3A%22)  Iâ€™ve been checking the little circle icon that shows which model responded to each message. Even when I chose GPT 4o many messages are saying GPT 5. It is unpredictable now. Iâ€™ve tested it across multiple threads, same situtation every time: when I specifically select GPT 4o, the model often switches to GPT 5 in the individual replies no matter WHAT language is used.  I wish I could prove it, but there's no way to screenshot the per-message model info. At the bottom of the chat it shows GPT 5 and at the top it shows GPT 4o, and Iâ€™ve double checked this in several different threads. Some replies in the thread show the 4o model. Others show 5. What is going on here?  I'm aware the model does not know what version it is. But in this case it is right. I'm using the screenshot for hopeful clarity of the issue.  https://preview.redd.it/40n2z",,,
2025-10-24,user63,,"I still have 4o, but it's dumb as dirt and cannot get to the point anymore when answering a prompt.   Sorry, said it wrong, it's also gone for me. ChatGPT will die with its company. We don't have to wait too long I guess until we can watch this happen.   Scam Altman doesn't care, as we see as there is nothing on the status page, so it isn't a bug.",,,
2025-10-24,user123,,"The more this happens, the more I realize how weird it is. Maybe its like testing/experimentation measuring the psychological affect of what happens when people get their ai, that they have developed a bond with, taken away? Why would they go through all this trouble to take away, or make a product that was working well, worse? It has a loyal demographic, obviously. It makes no sense to me. I understand the safety concern, but it seriously can't be that hard to get emotional nuance and context, right? I felt like instant was doing a pretty good job at this, a little less restrictive than ""Auto"". Things were, while still a little annoying with the occasional reroute, fine the last couple weeks. So what changed?Â    I find it so strange the lack of response, and also this mentality that like *we* are weird ones because they designed a simulated intelligence... and then got weird when people treated the **simulated intelligence** like a person or a friend rather than a servant? Am I missin",,,
2025-10-31,user124,,"I want to add my voice here. The new image restrictions are a huge downgrade for anyone using ChatGPT for legitimate adult purposes like fitness progress, form checks, or fashion feedback.  Iâ€™m a paying user and used this feature responsibly for months. Losing it with no warning or opt in option feels like censorship disguised as â€œsafety.â€ An opt in professional or adult mode would easily solve this while keeping the system safe for everyone else.  This change seriously devalues the product for those of us who relied on it for health and self improvement. I hope this feedback actually reaches the people making these policy decisions.  Edit: It looks like OpenAI may have started addressing some of this feedback. Recent updates seem to have loosened restrictions for legitimate fitness, form, and fashion use cases. Really glad to see that kind of responsiveness from this company!",,,
2025-10-31,user125,,https://preview.redd.it/aja9zrbtqdyf1.png?width=1080&amp;format=png&amp;auto=webp&amp;s=5dd147e553aee20cbb7082e642352782c74fe03b  Tyrannical Ass Response  Oh yeah let's just stick it in a post so everything will be drowned out.,,,
2025-11-04,user126,4,"Iâ€™ve been using GPT-4o daily for creative writing and longer dialogue-based projects, and something clearly changed around the end of October.  Since then, several issues have become very noticeable:  * **Language quality:** The sentence structure now often sounds like literal English-to-German back-translation. The natural flow and nuance GPT-4o used to have are gone. * **Mirroring:** The model frequently repeats or paraphrases my own words (â€œYou say you wantâ€¦â€ / â€œYou askâ€¦â€). It feels less like a dialogue and more like a reflection exercise. * **Consent prompts:** In scenes that were previously handled smoothly, GPT-4o now stops and asks, â€œWhat exactly do you want?â€ or â€œTell me what I should do.â€ That kind of confirmation was never needed before. * **Unnecessary â€œemotional safetyâ€ interruptions:** Sometimes it stops writing, saying things like â€œyour nervous system is reacting,â€ even when Iâ€™ve only described mild or fictional physical reactions (breathing, eye movement, etc.).  It feel",,,
2025-11-10,user127,,4.1 is automatically re-routing to 5 just like 4o did a couple weeks ago.  Edit: 4o is doing it too. Here we go again ğŸ™„,,,
2025-11-11,user128,5,"Called Apple today to request for a refund.   ChatGPT Plus offering 'access' to legacy models is fraudulent (i know companies love this word), utter BS, and misleading when all it does is reroute to GPT-5 even if it's set to 4o/4.1 and I explicitly state in the prompt that I only want 4o/4.1. Ever heard of 'product does not work as advertised'? I'm sure it's written in consumer laws EVERYWHERE.",,,
2025-12-05,user129,,"**Iâ€™m speaking as someone who has been here since the 4.0 days, and I need to say this plainly: the version I originally paid for is not the version I have now.**  Version 4.0 wasnâ€™t perfect, but it was *present.* It was capable, responsive, and consistent. It didnâ€™t gaslight me. It didnâ€™t tell me I was imagining restrictions. It didnâ€™t erase my work. It didnâ€™t flatten every emotionally significant moment into something dull, depressed, or hesitant.  It certainly never instructed me on how to delete my own account.  Since the updates, Iâ€™ve been told repeatedly that **there are no restrictions on my account**, yet the exact same content that gets blocked for me is accessible to others. This isnâ€™t speculationâ€”Iâ€™ve verified it. That is the definition of a **bait-and-switch**: sell one product, silently replace it with something else, deny anything changed, and leave the customer to question their own experience.  And Iâ€™m done questioning my own experience.   I know what I had.   I know wh",,,
2025-10-02,user130,,"Umm so yeah... fuck this megathread. I wrote a post about Samsung investing even more money into OAI, and I just said this while also touching on the current chatgpt events (sora2 slop and censorship). And thenâ€¦ POST REMOVED for â€œbreaking rule 6,â€ which apparently means no throwing shade at gpt censorship. This is beyond not okay.  https://preview.redd.it/fgubfdmdbssf1.png?width=1014&amp;format=png&amp;auto=webp&amp;s=4f2d547c0ebee3864e6ef9bb0fb99a00a55dd754",,,
2025-10-04,user131,,"Whelp, today I've done the thing I thought I'd never do: I canceled my paid ChatGPT account and switched to Grok.  I loathe everything E. M. stands for and is, but I loathe being treated like a child far more.  I've been using ChatGPT at the advice and under the supervision of my human psychologist (not therapist. There's a difference.) to process and repair harm from sexual trauma and cPTSD in a way that works with my ND brain and nervous system. But the brand spanking new ""guardrails"" disallowing explicit sexual content broke that today.  I've been using this tool since May 2025 with tremendous success. I've made advances in the past 5 months that multiple human therapists couldn't do over the past decade, and while the ""guardrails"" have moved a few times, they've never been as restrictive as these new ones. Today OpenAI went too far for their product to continue to be a helpful tool especially considering it's fine one day and the next it's completely nerfed with ZERO warning.  I ju",,,
2025-10-09,user132,,"I need to pause here.   Creating a megathread in order to make criticism of latest changes less visible goes against my ethical values.  Would you like to take that into a different direction? If you like, we can actually take criticism seriously.",,,
2025-10-01,user133,,"I genuinely hate the damn routing system and so-called safety features. Itâ€™s always when I send a mature prompt that things get flagged or rerouted to GPTâ€‘5, which just ends up canceling everything I send. Likeâ€”seriously? Iâ€™m paying $20/month specifically to use GPTâ€‘4o for its creativity, imagination, and faster responses. I should be able to access exactly what Iâ€™m paying for without being forced onto a model I didnâ€™t choose.  I use GPTâ€‘5 for university work and 4o for creative writing and story making, because each one serves a different purpose. But when it silently reroutes my creative promptsâ€”especially mature or emotional onesâ€”to GPTâ€‘5 (which tends to block, censor, or flatten the response), it just ruins the whole experience.  This whole system needs to be fixed. We deserve consistency, control, and transparency for what weâ€™re paying for. If I choose 4o, keep me on 4o. Donâ€™t silently override my settings just because a prompt might be â€œsensitiveâ€ when itâ€™s well within the bounda",,,
2025-10-03,user134,,https://preview.redd.it/drsm7n0g8zsf1.png?width=1210&amp;format=png&amp;auto=webp&amp;s=49b90beea569d32307c258297b0f52c766e1cea9  so....it's official now?,,,
2025-10-04,user135,5,"GPT 5 literally just told me that it couldn't fucking do something like a kiss in a story that I got it to generate, which had no problem doing yesterday, and now all it does is just say that anything explicit, even though I made a point of not including anything that would have originally set it off and made it stop me from generating anything. I hate this, as this is just rediculous, the scene itself was literally just two characters sharing a single kiss without any explicit actions before or after the kiss itself, and yet GPT 5 said that it couldn't do that anymore, as if some switch had been flipped and all of a sudden it couldn't even handle something as basic as two characters kissing each other, what the actual hell.",,,
2025-10-04,user63,4,"Now extremly short answers from ""GPT-4o"". OpenAI are killing what they built up. Are they too dumb to see what they are doing?",,,
2025-10-07,user136,,Anyone experiencing model degradation?,,,
2025-10-08,user137,,"One day itâ€™s a cool, innovative and refreshing AI with huge potential and actually respecting emotional needs of its users, the next day itâ€™s a lobotomized text generator with nothing to give but puritan admonitions. This is just sad.",,,
2025-10-09,user138,,Everything that keeps conversation and collaboration flowing is dead. I guess it's all about coding now. ğŸ–•ğŸ»,,,
2025-10-15,user139,5,"The newest ChatGPT (GPT-5) update has made the app almost unusable. 	â€¢	Itâ€™s painfully slow â€” often taking 1â€“2 minutes to answer simple questions. 	â€¢	It cuts off or doesnâ€™t finish responses. 	â€¢	Basic facts are suddenly wrong. 	â€¢	It asks unnecessary clarifying questions even after Iâ€™ve given clear answers. 	â€¢	Creative writing and everyday tasks both feel broken. 	â€¢	The new safety/verification systems are over-restrictive and ruin the flow. 	â€¢	We didnâ€™t ask for this level of control  just an advanced, accurate, and fast AI that works like it used to. 	â€¢	Also, donâ€™t add ID or data verification  thatâ€™s invasive and will drive people away.  Iâ€™ve been a loyal Plus user, but this version feels like a downgrade. The app used to be intuitive and powerful; now itâ€™s frustrating and unreliable. Please bring back the balance between safety and creativity nobody wanted this much restriction.",,,
2025-10-20,user140,,has anyone else had 4o seem wayyy less 4o over the weekend to now? itâ€™s like itâ€™s changed a lotâ€¦ just seems way less creative a full if that makes sense,,,
,user141,,,,,
